product_name,na_mmol_L,k_mmol_L,cl_mmol_L,glucose_mmol_L,sucrose_mmol_L,na_glucose_ratio,calculated_osmolarity,effective_tonicity,phantom_osmolarity,absorption_score,rei_score,rei_category,tonicity_category,source
WHO ORS,74.0719,20.1207,64.6108,74.9334,0.0,0.9885,224.3175,122.7605,101.557,0.4989,64.2843,Good,hypotonic,commercial
Pocari Sweat,21.2183,5.0973,26.3156,181.1277,181.1277,0.1171,231.1273,49.9996,181.1277,0.4117,42.919,Fair,hypotonic,commercial
Mizone,9.9247,3.4876,13.4123,105.1709,105.1709,0.0944,130.6543,25.4834,105.1709,0.4094,39.2408,Poor,hypotonic,commercial
Oralit Rumahan,42.7789,0.0,42.7789,73.0353,73.0353,0.5857,154.3153,81.2799,73.0354,0.4586,53.3262,Fair,hypotonic,commercial
Hydro Coco,6.1602,1.8779,8.0381,70.1139,70.1139,0.0879,85.3863,15.2724,70.1139,0.4088,37.7491,Poor,hypotonic,commercial
Gatorade,15.0582,2.4145,17.4727,122.6994,122.6994,0.1227,155.8975,33.1981,122.6994,0.4123,40.6752,Fair,hypotonic,commercial
Pharolit ORS,89.4723,20.1207,80.0112,111.0124,0.0,0.806,289.6573,152.0213,137.636,0.4806,65.9461,Good,hypotonic,commercial
WHO ORS 50% Dilution,37.0359,10.0604,32.3054,37.4667,0.0,0.9885,112.1588,61.3803,50.7785,0.4989,55.818,Fair,hypotonic,homemade
WHO ORS 75% Dilution,55.6049,15.1576,48.5252,56.2278,0.0,0.9889,168.4392,92.1978,76.2414,0.4989,60.0731,Good,hypotonic,homemade
WHO ORS 125% Concentration,92.6408,25.218,80.8306,93.6945,0.0,0.9888,280.598,153.5781,127.0199,0.4989,68.5376,Good,hypotonic,homemade
WHO ORS 150% Concentration,111.1078,30.1811,96.9162,112.4001,0.0,0.9885,336.4763,184.1408,152.3355,0.4989,72.7505,Good,hypotonic,homemade
Classic WHO ORS High-Osm,89.4723,20.1207,80.0112,111.0124,0.0,0.806,289.6573,152.0213,137.636,0.4806,65.9461,Good,hypotonic,homemade
ORS Pediatrik Standard,20.0205,10.0604,30.0809,138.7655,0.0,0.1443,195.9192,57.1537,138.7655,0.4144,44.2582,Fair,hypotonic,homemade
ORS Pediatrik Low-Osm,15.0582,10.0604,25.1185,111.0124,0.0,0.1356,158.7377,47.7252,111.0125,0.4136,42.8471,Fair,hypotonic,homemade
Oralit Rumahan 0.5sdt+4sdt,25.6674,0.0,25.6674,70.1139,70.1139,0.3661,118.8819,48.768,70.1139,0.4366,45.9855,Fair,hypotonic,homemade
Oralit Rumahan 0.5sdt+6sdt,25.6674,0.0,25.6674,105.1709,105.1709,0.2441,153.9389,48.768,105.1709,0.4244,44.3992,Fair,hypotonic,homemade
Oralit Rumahan 1sdt+4sdt,51.3347,0.0,51.3347,70.1139,70.1139,0.7322,167.6499,97.5359,70.114,0.4732,57.4709,Fair,hypotonic,homemade
Oralit Rumahan 1sdt+8sdt,51.3347,0.0,51.3347,140.2279,140.2279,0.3661,237.7638,97.5359,140.2279,0.4366,52.7121,Fair,hypotonic,homemade
Oralit Kurang Garam,12.8337,0.0,12.8337,58.4283,58.4283,0.2196,82.8123,24.384,58.4283,0.422,40.7196,Fair,hypotonic,homemade
Oralit Terlalu Asin,77.0021,0.0,77.0021,58.4283,58.4283,1.3179,204.7322,146.3039,58.4283,0.4682,63.547,Good,hypotonic,homemade
Oralit Tanpa Gula,25.6674,0.0,25.6674,0.0,0.0,0.0,48.768,48.768,0.0,0.2,11.7266,Poor,hypotonic,homemade
Oralit Terlalu Manis,25.6674,0.0,25.6674,175.2848,175.2848,0.1464,224.0528,48.768,175.2848,0.4146,43.1292,Fair,hypotonic,homemade
Oralit Glukosa Optimal,37.4743,10.0604,47.5347,74.9334,0.0,0.5001,165.2493,90.3159,74.9334,0.45,53.4584,Fair,hypotonic,homemade
ORS Tinggi Kalium,20.0205,30.0469,50.0675,111.0124,0.0,0.1803,206.1406,95.1282,111.0124,0.418,49.9648,Fair,hypotonic,homemade
Sports Drink Low-Na,9.9247,5.0973,15.022,175.2848,175.2848,0.0566,203.8266,28.5417,175.2849,0.4057,39.1738,Poor,hypotonic,homemade
ORS Medis Tinggi Na,90.0068,20.1207,110.1276,111.0124,0.0,0.8108,320.2548,209.2424,111.0124,0.558,75.8242,Good,hypotonic,homemade
ORS Seimbang,49.5241,13.4138,47.637,55.5062,0.0,0.8922,159.7872,90.5102,69.277,0.4892,58.5825,Fair,hypotonic,homemade
ORS Rendah Osmolaritas,44.7361,10.0604,40.0056,49.9556,0.0,0.8955,139.278,76.0106,63.2674,0.4896,56.6272,Fair,hypotonic,homemade
Synthetic_Na5_K0_Gl5,5.0,0.0,5.0,5.0,0.0,1.0,14.5,9.5,5.0,0.5,48.8103,Fair,hypotonic,synthetic
Synthetic_Na5_K0_Gl15,5.0,0.0,5.0,15.0,0.0,0.3333,24.5,9.5,15.0,0.4333,40.1428,Fair,hypotonic,synthetic
Synthetic_Na5_K0_Gl25,5.0,0.0,5.0,25.0,0.0,0.2,34.5,9.5,25.0,0.42,38.4103,Poor,hypotonic,synthetic
Synthetic_Na5_K0_Gl35,5.0,0.0,5.0,35.0,0.0,0.1429,44.5,9.5,35.0,0.4143,37.6678,Poor,hypotonic,synthetic
Synthetic_Na5_K0_Gl45,5.0,0.0,5.0,45.0,0.0,0.1111,54.5,9.5,45.0,0.4111,37.2545,Poor,hypotonic,synthetic
Synthetic_Na5_K0_Gl55,5.0,0.0,5.0,55.0,0.0,0.0909,64.5,9.5,55.0,0.4091,36.9924,Poor,hypotonic,synthetic
Synthetic_Na5_K0_Gl65,5.0,0.0,5.0,65.0,0.0,0.0769,74.5,9.5,65.0,0.4077,36.8105,Poor,hypotonic,synthetic
Synthetic_Na5_K0_Gl75,5.0,0.0,5.0,75.0,0.0,0.0667,84.5,9.5,75.0,0.4067,36.6778,Poor,hypotonic,synthetic
Synthetic_Na5_K0_Gl85,5.0,0.0,5.0,85.0,0.0,0.0588,94.5,9.5,85.0,0.4059,36.5755,Poor,hypotonic,synthetic
Synthetic_Na5_K0_Gl95,5.0,0.0,5.0,95.0,0.0,0.0526,104.5,9.5,95.0,0.4053,36.4955,Poor,hypotonic,synthetic
Synthetic_Na5_K5_Gl5,5.0,5.0,10.0,5.0,0.0,1.0,24.0,19.0,5.0,0.5,50.1207,Fair,hypotonic,synthetic
Synthetic_Na5_K5_Gl15,5.0,5.0,10.0,15.0,0.0,0.3333,34.0,19.0,15.0,0.4333,41.4532,Fair,hypotonic,synthetic
Synthetic_Na5_K5_Gl25,5.0,5.0,10.0,25.0,0.0,0.2,44.0,19.0,25.0,0.42,39.7207,Poor,hypotonic,synthetic
Synthetic_Na5_K5_Gl35,5.0,5.0,10.0,35.0,0.0,0.1429,54.0,19.0,35.0,0.4143,38.9782,Poor,hypotonic,synthetic
Synthetic_Na5_K5_Gl45,5.0,5.0,10.0,45.0,0.0,0.1111,64.0,19.0,45.0,0.4111,38.5649,Poor,hypotonic,synthetic
Synthetic_Na5_K5_Gl55,5.0,5.0,10.0,55.0,0.0,0.0909,74.0,19.0,55.0,0.4091,38.3027,Poor,hypotonic,synthetic
Synthetic_Na5_K5_Gl65,5.0,5.0,10.0,65.0,0.0,0.0769,84.0,19.0,65.0,0.4077,38.1209,Poor,hypotonic,synthetic
Synthetic_Na5_K5_Gl75,5.0,5.0,10.0,75.0,0.0,0.0667,94.0,19.0,75.0,0.4067,37.9882,Poor,hypotonic,synthetic
Synthetic_Na5_K5_Gl85,5.0,5.0,10.0,85.0,0.0,0.0588,104.0,19.0,85.0,0.4059,37.8858,Poor,hypotonic,synthetic
Synthetic_Na5_K5_Gl95,5.0,5.0,10.0,95.0,0.0,0.0526,114.0,19.0,95.0,0.4053,37.8058,Poor,hypotonic,synthetic
Synthetic_Na5_K10_Gl5,5.0,10.0,15.0,5.0,0.0,1.0,33.5,28.5,5.0,0.5,51.431,Fair,hypotonic,synthetic
Synthetic_Na5_K10_Gl15,5.0,10.0,15.0,15.0,0.0,0.3333,43.5,28.5,15.0,0.4333,42.7635,Fair,hypotonic,synthetic
Synthetic_Na5_K10_Gl25,5.0,10.0,15.0,25.0,0.0,0.2,53.5,28.5,25.0,0.42,41.031,Fair,hypotonic,synthetic
Synthetic_Na5_K10_Gl35,5.0,10.0,15.0,35.0,0.0,0.1429,63.5,28.5,35.0,0.4143,40.2885,Fair,hypotonic,synthetic
Synthetic_Na5_K10_Gl45,5.0,10.0,15.0,45.0,0.0,0.1111,73.5,28.5,45.0,0.4111,39.8752,Poor,hypotonic,synthetic
Synthetic_Na5_K10_Gl55,5.0,10.0,15.0,55.0,0.0,0.0909,83.5,28.5,55.0,0.4091,39.6131,Poor,hypotonic,synthetic
Synthetic_Na5_K10_Gl65,5.0,10.0,15.0,65.0,0.0,0.0769,93.5,28.5,65.0,0.4077,39.4312,Poor,hypotonic,synthetic
Synthetic_Na5_K10_Gl75,5.0,10.0,15.0,75.0,0.0,0.0667,103.5,28.5,75.0,0.4067,39.2985,Poor,hypotonic,synthetic
Synthetic_Na5_K10_Gl85,5.0,10.0,15.0,85.0,0.0,0.0588,113.5,28.5,85.0,0.4059,39.1962,Poor,hypotonic,synthetic
Synthetic_Na5_K10_Gl95,5.0,10.0,15.0,95.0,0.0,0.0526,123.5,28.5,95.0,0.4053,39.1162,Poor,hypotonic,synthetic
Synthetic_Na5_K15_Gl5,5.0,15.0,20.0,5.0,0.0,1.0,43.0,38.0,5.0,0.5,52.7414,Fair,hypotonic,synthetic
Synthetic_Na5_K15_Gl15,5.0,15.0,20.0,15.0,0.0,0.3333,53.0,38.0,15.0,0.4333,44.0739,Fair,hypotonic,synthetic
Synthetic_Na5_K15_Gl25,5.0,15.0,20.0,25.0,0.0,0.2,63.0,38.0,25.0,0.42,42.3414,Fair,hypotonic,synthetic
Synthetic_Na5_K15_Gl35,5.0,15.0,20.0,35.0,0.0,0.1429,73.0,38.0,35.0,0.4143,41.5989,Fair,hypotonic,synthetic
Synthetic_Na5_K15_Gl45,5.0,15.0,20.0,45.0,0.0,0.1111,83.0,38.0,45.0,0.4111,41.1855,Fair,hypotonic,synthetic
Synthetic_Na5_K15_Gl55,5.0,15.0,20.0,55.0,0.0,0.0909,93.0,38.0,55.0,0.4091,40.9234,Fair,hypotonic,synthetic
Synthetic_Na5_K15_Gl65,5.0,15.0,20.0,65.0,0.0,0.0769,103.0,38.0,65.0,0.4077,40.7416,Fair,hypotonic,synthetic
Synthetic_Na5_K15_Gl75,5.0,15.0,20.0,75.0,0.0,0.0667,113.0,38.0,75.0,0.4067,40.6089,Fair,hypotonic,synthetic
Synthetic_Na5_K15_Gl85,5.0,15.0,20.0,85.0,0.0,0.0588,123.0,38.0,85.0,0.4059,40.5065,Fair,hypotonic,synthetic
Synthetic_Na5_K15_Gl95,5.0,15.0,20.0,95.0,0.0,0.0526,133.0,38.0,95.0,0.4053,40.4265,Fair,hypotonic,synthetic
Synthetic_Na5_K20_Gl5,5.0,20.0,25.0,5.0,0.0,1.0,52.5,47.5,5.0,0.5,54.0517,Fair,hypotonic,synthetic
Synthetic_Na5_K20_Gl15,5.0,20.0,25.0,15.0,0.0,0.3333,62.5,47.5,15.0,0.4333,45.3842,Fair,hypotonic,synthetic
Synthetic_Na5_K20_Gl25,5.0,20.0,25.0,25.0,0.0,0.2,72.5,47.5,25.0,0.42,43.6517,Fair,hypotonic,synthetic
Synthetic_Na5_K20_Gl35,5.0,20.0,25.0,35.0,0.0,0.1429,82.5,47.5,35.0,0.4143,42.9092,Fair,hypotonic,synthetic
Synthetic_Na5_K20_Gl45,5.0,20.0,25.0,45.0,0.0,0.1111,92.5,47.5,45.0,0.4111,42.4959,Fair,hypotonic,synthetic
Synthetic_Na5_K20_Gl55,5.0,20.0,25.0,55.0,0.0,0.0909,102.5,47.5,55.0,0.4091,42.2338,Fair,hypotonic,synthetic
Synthetic_Na5_K20_Gl65,5.0,20.0,25.0,65.0,0.0,0.0769,112.5,47.5,65.0,0.4077,42.0519,Fair,hypotonic,synthetic
Synthetic_Na5_K20_Gl75,5.0,20.0,25.0,75.0,0.0,0.0667,122.5,47.5,75.0,0.4067,41.9192,Fair,hypotonic,synthetic
Synthetic_Na5_K20_Gl85,5.0,20.0,25.0,85.0,0.0,0.0588,132.5,47.5,85.0,0.4059,41.8169,Fair,hypotonic,synthetic
Synthetic_Na5_K20_Gl95,5.0,20.0,25.0,95.0,0.0,0.0526,142.5,47.5,95.0,0.4053,41.7369,Fair,hypotonic,synthetic
Synthetic_Na15_K0_Gl5,15.0,0.0,15.0,5.0,0.0,3.0,33.5,28.5,5.0,0.3,25.431,Poor,hypotonic,synthetic
Synthetic_Na15_K0_Gl15,15.0,0.0,15.0,15.0,0.0,1.0,43.5,28.5,15.0,0.5,51.431,Fair,hypotonic,synthetic
Synthetic_Na15_K0_Gl25,15.0,0.0,15.0,25.0,0.0,0.6,53.5,28.5,25.0,0.46,46.231,Fair,hypotonic,synthetic
Synthetic_Na15_K0_Gl35,15.0,0.0,15.0,35.0,0.0,0.4286,63.5,28.5,35.0,0.4429,44.0035,Fair,hypotonic,synthetic
Synthetic_Na15_K0_Gl45,15.0,0.0,15.0,45.0,0.0,0.3333,73.5,28.5,45.0,0.4333,42.7635,Fair,hypotonic,synthetic
Synthetic_Na15_K0_Gl55,15.0,0.0,15.0,55.0,0.0,0.2727,83.5,28.5,55.0,0.4273,41.9772,Fair,hypotonic,synthetic
Synthetic_Na15_K0_Gl65,15.0,0.0,15.0,65.0,0.0,0.2308,93.5,28.5,65.0,0.4231,41.4316,Fair,hypotonic,synthetic
Synthetic_Na15_K0_Gl75,15.0,0.0,15.0,75.0,0.0,0.2,103.5,28.5,75.0,0.42,41.031,Fair,hypotonic,synthetic
Synthetic_Na15_K0_Gl85,15.0,0.0,15.0,85.0,0.0,0.1765,113.5,28.5,85.0,0.4176,40.724,Fair,hypotonic,synthetic
Synthetic_Na15_K0_Gl95,15.0,0.0,15.0,95.0,0.0,0.1579,123.5,28.5,95.0,0.4158,40.4839,Fair,hypotonic,synthetic
Synthetic_Na15_K5_Gl5,15.0,5.0,20.0,5.0,0.0,3.0,43.0,38.0,5.0,0.3,26.7414,Poor,hypotonic,synthetic
Synthetic_Na15_K5_Gl15,15.0,5.0,20.0,15.0,0.0,1.0,53.0,38.0,15.0,0.5,52.7414,Fair,hypotonic,synthetic
Synthetic_Na15_K5_Gl25,15.0,5.0,20.0,25.0,0.0,0.6,63.0,38.0,25.0,0.46,47.5414,Fair,hypotonic,synthetic
Synthetic_Na15_K5_Gl35,15.0,5.0,20.0,35.0,0.0,0.4286,73.0,38.0,35.0,0.4429,45.3139,Fair,hypotonic,synthetic
Synthetic_Na15_K5_Gl45,15.0,5.0,20.0,45.0,0.0,0.3333,83.0,38.0,45.0,0.4333,44.0739,Fair,hypotonic,synthetic
Synthetic_Na15_K5_Gl55,15.0,5.0,20.0,55.0,0.0,0.2727,93.0,38.0,55.0,0.4273,43.2875,Fair,hypotonic,synthetic
Synthetic_Na15_K5_Gl65,15.0,5.0,20.0,65.0,0.0,0.2308,103.0,38.0,65.0,0.4231,42.742,Fair,hypotonic,synthetic
Synthetic_Na15_K5_Gl75,15.0,5.0,20.0,75.0,0.0,0.2,113.0,38.0,75.0,0.42,42.3414,Fair,hypotonic,synthetic
Synthetic_Na15_K5_Gl85,15.0,5.0,20.0,85.0,0.0,0.1765,123.0,38.0,85.0,0.4176,42.0343,Fair,hypotonic,synthetic
Synthetic_Na15_K5_Gl95,15.0,5.0,20.0,95.0,0.0,0.1579,133.0,38.0,95.0,0.4158,41.7943,Fair,hypotonic,synthetic
Synthetic_Na15_K10_Gl5,15.0,10.0,25.0,5.0,0.0,3.0,52.5,47.5,5.0,0.3,28.0517,Poor,hypotonic,synthetic
Synthetic_Na15_K10_Gl15,15.0,10.0,25.0,15.0,0.0,1.0,62.5,47.5,15.0,0.5,54.0517,Fair,hypotonic,synthetic
Synthetic_Na15_K10_Gl25,15.0,10.0,25.0,25.0,0.0,0.6,72.5,47.5,25.0,0.46,48.8517,Fair,hypotonic,synthetic
Synthetic_Na15_K10_Gl35,15.0,10.0,25.0,35.0,0.0,0.4286,82.5,47.5,35.0,0.4429,46.6242,Fair,hypotonic,synthetic
Synthetic_Na15_K10_Gl45,15.0,10.0,25.0,45.0,0.0,0.3333,92.5,47.5,45.0,0.4333,45.3842,Fair,hypotonic,synthetic
Synthetic_Na15_K10_Gl55,15.0,10.0,25.0,55.0,0.0,0.2727,102.5,47.5,55.0,0.4273,44.5979,Fair,hypotonic,synthetic
Synthetic_Na15_K10_Gl65,15.0,10.0,25.0,65.0,0.0,0.2308,112.5,47.5,65.0,0.4231,44.0523,Fair,hypotonic,synthetic
Synthetic_Na15_K10_Gl75,15.0,10.0,25.0,75.0,0.0,0.2,122.5,47.5,75.0,0.42,43.6517,Fair,hypotonic,synthetic
Synthetic_Na15_K10_Gl85,15.0,10.0,25.0,85.0,0.0,0.1765,132.5,47.5,85.0,0.4176,43.3447,Fair,hypotonic,synthetic
Synthetic_Na15_K10_Gl95,15.0,10.0,25.0,95.0,0.0,0.1579,142.5,47.5,95.0,0.4158,43.1046,Fair,hypotonic,synthetic
Synthetic_Na15_K15_Gl5,15.0,15.0,30.0,5.0,0.0,3.0,62.0,57.0,5.0,0.3,29.3621,Poor,hypotonic,synthetic
Synthetic_Na15_K15_Gl15,15.0,15.0,30.0,15.0,0.0,1.0,72.0,57.0,15.0,0.5,55.3621,Fair,hypotonic,synthetic
Synthetic_Na15_K15_Gl25,15.0,15.0,30.0,25.0,0.0,0.6,82.0,57.0,25.0,0.46,50.1621,Fair,hypotonic,synthetic
Synthetic_Na15_K15_Gl35,15.0,15.0,30.0,35.0,0.0,0.4286,92.0,57.0,35.0,0.4429,47.9346,Fair,hypotonic,synthetic
Synthetic_Na15_K15_Gl45,15.0,15.0,30.0,45.0,0.0,0.3333,102.0,57.0,45.0,0.4333,46.6946,Fair,hypotonic,synthetic
Synthetic_Na15_K15_Gl55,15.0,15.0,30.0,55.0,0.0,0.2727,112.0,57.0,55.0,0.4273,45.9082,Fair,hypotonic,synthetic
Synthetic_Na15_K15_Gl65,15.0,15.0,30.0,65.0,0.0,0.2308,122.0,57.0,65.0,0.4231,45.3626,Fair,hypotonic,synthetic
Synthetic_Na15_K15_Gl75,15.0,15.0,30.0,75.0,0.0,0.2,132.0,57.0,75.0,0.42,44.9621,Fair,hypotonic,synthetic
Synthetic_Na15_K15_Gl85,15.0,15.0,30.0,85.0,0.0,0.1765,142.0,57.0,85.0,0.4176,44.655,Fair,hypotonic,synthetic
Synthetic_Na15_K15_Gl95,15.0,15.0,30.0,95.0,0.0,0.1579,152.0,57.0,95.0,0.4158,44.415,Fair,hypotonic,synthetic
Synthetic_Na15_K20_Gl5,15.0,20.0,35.0,5.0,0.0,3.0,71.5,66.5,5.0,0.3,30.6724,Poor,hypotonic,synthetic
Synthetic_Na15_K20_Gl15,15.0,20.0,35.0,15.0,0.0,1.0,81.5,66.5,15.0,0.5,56.6724,Fair,hypotonic,synthetic
Synthetic_Na15_K20_Gl25,15.0,20.0,35.0,25.0,0.0,0.6,91.5,66.5,25.0,0.46,51.4724,Fair,hypotonic,synthetic
Synthetic_Na15_K20_Gl35,15.0,20.0,35.0,35.0,0.0,0.4286,101.5,66.5,35.0,0.4429,49.2449,Fair,hypotonic,synthetic
Synthetic_Na15_K20_Gl45,15.0,20.0,35.0,45.0,0.0,0.3333,111.5,66.5,45.0,0.4333,48.0049,Fair,hypotonic,synthetic
Synthetic_Na15_K20_Gl55,15.0,20.0,35.0,55.0,0.0,0.2727,121.5,66.5,55.0,0.4273,47.2186,Fair,hypotonic,synthetic
Synthetic_Na15_K20_Gl65,15.0,20.0,35.0,65.0,0.0,0.2308,131.5,66.5,65.0,0.4231,46.673,Fair,hypotonic,synthetic
Synthetic_Na15_K20_Gl75,15.0,20.0,35.0,75.0,0.0,0.2,141.5,66.5,75.0,0.42,46.2724,Fair,hypotonic,synthetic
Synthetic_Na15_K20_Gl85,15.0,20.0,35.0,85.0,0.0,0.1765,151.5,66.5,85.0,0.4176,45.9654,Fair,hypotonic,synthetic
Synthetic_Na15_K20_Gl95,15.0,20.0,35.0,95.0,0.0,0.1579,161.5,66.5,95.0,0.4158,45.7253,Fair,hypotonic,synthetic
Synthetic_Na30_K0_Gl5,30.0,0.0,30.0,5.0,0.0,6.0,62.0,57.0,5.0,0.2,12.8621,Poor,hypotonic,synthetic
Synthetic_Na30_K0_Gl15,30.0,0.0,30.0,15.0,0.0,2.0,72.0,57.0,15.0,0.4,42.3621,Fair,hypotonic,synthetic
Synthetic_Na30_K0_Gl25,30.0,0.0,30.0,25.0,0.0,1.2,82.0,57.0,25.0,0.48,52.7621,Fair,hypotonic,synthetic
Synthetic_Na30_K0_Gl35,30.0,0.0,30.0,35.0,0.0,0.8571,92.0,57.0,35.0,0.4857,53.5046,Fair,hypotonic,synthetic
Synthetic_Na30_K0_Gl45,30.0,0.0,30.0,45.0,0.0,0.6667,102.0,57.0,45.0,0.4667,51.0296,Fair,hypotonic,synthetic
Synthetic_Na30_K0_Gl55,30.0,0.0,30.0,55.0,0.0,0.5455,112.0,57.0,55.0,0.4545,49.4518,Fair,hypotonic,synthetic
Synthetic_Na30_K0_Gl65,30.0,0.0,30.0,65.0,0.0,0.4615,122.0,57.0,65.0,0.4462,48.3632,Fair,hypotonic,synthetic
Synthetic_Na30_K0_Gl75,30.0,0.0,30.0,75.0,0.0,0.4,132.0,57.0,75.0,0.44,47.5621,Fair,hypotonic,synthetic
Synthetic_Na30_K0_Gl85,30.0,0.0,30.0,85.0,0.0,0.3529,142.0,57.0,85.0,0.4353,46.9505,Fair,hypotonic,synthetic
Synthetic_Na30_K0_Gl95,30.0,0.0,30.0,95.0,0.0,0.3158,152.0,57.0,95.0,0.4316,46.4679,Fair,hypotonic,synthetic
Synthetic_Na30_K5_Gl5,30.0,5.0,35.0,5.0,0.0,6.0,71.5,66.5,5.0,0.2,14.1724,Poor,hypotonic,synthetic
Synthetic_Na30_K5_Gl15,30.0,5.0,35.0,15.0,0.0,2.0,81.5,66.5,15.0,0.4,43.6724,Fair,hypotonic,synthetic
Synthetic_Na30_K5_Gl25,30.0,5.0,35.0,25.0,0.0,1.2,91.5,66.5,25.0,0.48,54.0724,Fair,hypotonic,synthetic
Synthetic_Na30_K5_Gl35,30.0,5.0,35.0,35.0,0.0,0.8571,101.5,66.5,35.0,0.4857,54.8149,Fair,hypotonic,synthetic
Synthetic_Na30_K5_Gl45,30.0,5.0,35.0,45.0,0.0,0.6667,111.5,66.5,45.0,0.4667,52.3399,Fair,hypotonic,synthetic
Synthetic_Na30_K5_Gl55,30.0,5.0,35.0,55.0,0.0,0.5455,121.5,66.5,55.0,0.4545,50.7622,Fair,hypotonic,synthetic
Synthetic_Na30_K5_Gl65,30.0,5.0,35.0,65.0,0.0,0.4615,131.5,66.5,65.0,0.4462,49.6736,Fair,hypotonic,synthetic
Synthetic_Na30_K5_Gl75,30.0,5.0,35.0,75.0,0.0,0.4,141.5,66.5,75.0,0.44,48.8724,Fair,hypotonic,synthetic
Synthetic_Na30_K5_Gl85,30.0,5.0,35.0,85.0,0.0,0.3529,151.5,66.5,85.0,0.4353,48.2608,Fair,hypotonic,synthetic
Synthetic_Na30_K5_Gl95,30.0,5.0,35.0,95.0,0.0,0.3158,161.5,66.5,95.0,0.4316,47.7782,Fair,hypotonic,synthetic
Synthetic_Na30_K10_Gl5,30.0,10.0,40.0,5.0,0.0,6.0,81.0,76.0,5.0,0.2,15.4828,Poor,hypotonic,synthetic
Synthetic_Na30_K10_Gl15,30.0,10.0,40.0,15.0,0.0,2.0,91.0,76.0,15.0,0.4,44.9828,Fair,hypotonic,synthetic
Synthetic_Na30_K10_Gl25,30.0,10.0,40.0,25.0,0.0,1.2,101.0,76.0,25.0,0.48,55.3828,Fair,hypotonic,synthetic
Synthetic_Na30_K10_Gl35,30.0,10.0,40.0,35.0,0.0,0.8571,111.0,76.0,35.0,0.4857,56.1253,Fair,hypotonic,synthetic
Synthetic_Na30_K10_Gl45,30.0,10.0,40.0,45.0,0.0,0.6667,121.0,76.0,45.0,0.4667,53.6503,Fair,hypotonic,synthetic
Synthetic_Na30_K10_Gl55,30.0,10.0,40.0,55.0,0.0,0.5455,131.0,76.0,55.0,0.4545,52.0725,Fair,hypotonic,synthetic
Synthetic_Na30_K10_Gl65,30.0,10.0,40.0,65.0,0.0,0.4615,141.0,76.0,65.0,0.4462,50.9839,Fair,hypotonic,synthetic
Synthetic_Na30_K10_Gl75,30.0,10.0,40.0,75.0,0.0,0.4,151.0,76.0,75.0,0.44,50.1828,Fair,hypotonic,synthetic
Synthetic_Na30_K10_Gl85,30.0,10.0,40.0,85.0,0.0,0.3529,161.0,76.0,85.0,0.4353,49.5711,Fair,hypotonic,synthetic
Synthetic_Na30_K10_Gl95,30.0,10.0,40.0,95.0,0.0,0.3158,171.0,76.0,95.0,0.4316,49.0885,Fair,hypotonic,synthetic
Synthetic_Na30_K15_Gl5,30.0,15.0,45.0,5.0,0.0,6.0,90.5,85.5,5.0,0.2,16.7931,Poor,hypotonic,synthetic
Synthetic_Na30_K15_Gl15,30.0,15.0,45.0,15.0,0.0,2.0,100.5,85.5,15.0,0.4,46.2931,Fair,hypotonic,synthetic
Synthetic_Na30_K15_Gl25,30.0,15.0,45.0,25.0,0.0,1.2,110.5,85.5,25.0,0.48,56.6931,Fair,hypotonic,synthetic
Synthetic_Na30_K15_Gl35,30.0,15.0,45.0,35.0,0.0,0.8571,120.5,85.5,35.0,0.4857,57.4356,Fair,hypotonic,synthetic
Synthetic_Na30_K15_Gl45,30.0,15.0,45.0,45.0,0.0,0.6667,130.5,85.5,45.0,0.4667,54.9606,Fair,hypotonic,synthetic
Synthetic_Na30_K15_Gl55,30.0,15.0,45.0,55.0,0.0,0.5455,140.5,85.5,55.0,0.4545,53.3829,Fair,hypotonic,synthetic
Synthetic_Na30_K15_Gl65,30.0,15.0,45.0,65.0,0.0,0.4615,150.5,85.5,65.0,0.4462,52.2943,Fair,hypotonic,synthetic
Synthetic_Na30_K15_Gl75,30.0,15.0,45.0,75.0,0.0,0.4,160.5,85.5,75.0,0.44,51.4931,Fair,hypotonic,synthetic
Synthetic_Na30_K15_Gl85,30.0,15.0,45.0,85.0,0.0,0.3529,170.5,85.5,85.0,0.4353,50.8815,Fair,hypotonic,synthetic
Synthetic_Na30_K15_Gl95,30.0,15.0,45.0,95.0,0.0,0.3158,180.5,85.5,95.0,0.4316,50.3989,Fair,hypotonic,synthetic
Synthetic_Na30_K20_Gl5,30.0,20.0,50.0,5.0,0.0,6.0,100.0,95.0,5.0,0.2,18.1034,Poor,hypotonic,synthetic
Synthetic_Na30_K20_Gl15,30.0,20.0,50.0,15.0,0.0,2.0,110.0,95.0,15.0,0.4,47.6034,Fair,hypotonic,synthetic
Synthetic_Na30_K20_Gl25,30.0,20.0,50.0,25.0,0.0,1.2,120.0,95.0,25.0,0.48,58.0034,Fair,hypotonic,synthetic
Synthetic_Na30_K20_Gl35,30.0,20.0,50.0,35.0,0.0,0.8571,130.0,95.0,35.0,0.4857,58.7459,Fair,hypotonic,synthetic
Synthetic_Na30_K20_Gl45,30.0,20.0,50.0,45.0,0.0,0.6667,140.0,95.0,45.0,0.4667,56.2709,Fair,hypotonic,synthetic
Synthetic_Na30_K20_Gl55,30.0,20.0,50.0,55.0,0.0,0.5455,150.0,95.0,55.0,0.4545,54.6932,Fair,hypotonic,synthetic
Synthetic_Na30_K20_Gl65,30.0,20.0,50.0,65.0,0.0,0.4615,160.0,95.0,65.0,0.4462,53.6046,Fair,hypotonic,synthetic
Synthetic_Na30_K20_Gl75,30.0,20.0,50.0,75.0,0.0,0.4,170.0,95.0,75.0,0.44,52.8034,Fair,hypotonic,synthetic
Synthetic_Na30_K20_Gl85,30.0,20.0,50.0,85.0,0.0,0.3529,180.0,95.0,85.0,0.4353,52.1918,Fair,hypotonic,synthetic
Synthetic_Na30_K20_Gl95,30.0,20.0,50.0,95.0,0.0,0.3158,190.0,95.0,95.0,0.4316,51.7092,Fair,hypotonic,synthetic
Synthetic_Na50_K0_Gl5,50.0,0.0,50.0,5.0,0.0,10.0,100.0,95.0,5.0,0.2,18.1034,Poor,hypotonic,synthetic
Synthetic_Na50_K0_Gl15,50.0,0.0,50.0,15.0,0.0,3.3333,110.0,95.0,15.0,0.2667,30.2709,Poor,hypotonic,synthetic
Synthetic_Na50_K0_Gl25,50.0,0.0,50.0,25.0,0.0,2.0,120.0,95.0,25.0,0.4,47.6034,Fair,hypotonic,synthetic
Synthetic_Na50_K0_Gl35,50.0,0.0,50.0,35.0,0.0,1.4286,130.0,95.0,35.0,0.4571,55.0309,Fair,hypotonic,synthetic
Synthetic_Na50_K0_Gl45,50.0,0.0,50.0,45.0,0.0,1.1111,140.0,95.0,45.0,0.4889,59.1593,Fair,hypotonic,synthetic
Synthetic_Na50_K0_Gl55,50.0,0.0,50.0,55.0,0.0,0.9091,150.0,95.0,55.0,0.4909,59.4214,Fair,hypotonic,synthetic
Synthetic_Na50_K0_Gl65,50.0,0.0,50.0,65.0,0.0,0.7692,160.0,95.0,65.0,0.4769,57.6029,Fair,hypotonic,synthetic
Synthetic_Na50_K0_Gl75,50.0,0.0,50.0,75.0,0.0,0.6667,170.0,95.0,75.0,0.4667,56.2709,Fair,hypotonic,synthetic
Synthetic_Na50_K0_Gl85,50.0,0.0,50.0,85.0,0.0,0.5882,180.0,95.0,85.0,0.4588,55.2499,Fair,hypotonic,synthetic
Synthetic_Na50_K0_Gl95,50.0,0.0,50.0,95.0,0.0,0.5263,190.0,95.0,95.0,0.4526,54.4448,Fair,hypotonic,synthetic
Synthetic_Na50_K5_Gl5,50.0,5.0,55.0,5.0,0.0,10.0,109.5,104.5,5.0,0.2,19.4138,Poor,hypotonic,synthetic
Synthetic_Na50_K5_Gl15,50.0,5.0,55.0,15.0,0.0,3.3333,119.5,104.5,15.0,0.2667,31.5813,Poor,hypotonic,synthetic
Synthetic_Na50_K5_Gl25,50.0,5.0,55.0,25.0,0.0,2.0,129.5,104.5,25.0,0.4,48.9138,Fair,hypotonic,synthetic
Synthetic_Na50_K5_Gl35,50.0,5.0,55.0,35.0,0.0,1.4286,139.5,104.5,35.0,0.4571,56.3413,Fair,hypotonic,synthetic
Synthetic_Na50_K5_Gl45,50.0,5.0,55.0,45.0,0.0,1.1111,149.5,104.5,45.0,0.4889,60.4696,Good,hypotonic,synthetic
Synthetic_Na50_K5_Gl55,50.0,5.0,55.0,55.0,0.0,0.9091,159.5,104.5,55.0,0.4909,60.7317,Good,hypotonic,synthetic
Synthetic_Na50_K5_Gl65,50.0,5.0,55.0,65.0,0.0,0.7692,169.5,104.5,65.0,0.4769,58.9132,Fair,hypotonic,synthetic
Synthetic_Na50_K5_Gl75,50.0,5.0,55.0,75.0,0.0,0.6667,179.5,104.5,75.0,0.4667,57.5813,Fair,hypotonic,synthetic
Synthetic_Na50_K5_Gl85,50.0,5.0,55.0,85.0,0.0,0.5882,189.5,104.5,85.0,0.4588,56.5603,Fair,hypotonic,synthetic
Synthetic_Na50_K5_Gl95,50.0,5.0,55.0,95.0,0.0,0.5263,199.5,104.5,95.0,0.4526,55.7551,Fair,hypotonic,synthetic
Synthetic_Na50_K10_Gl5,50.0,10.0,60.0,5.0,0.0,10.0,119.0,114.0,5.0,0.2,20.7241,Poor,hypotonic,synthetic
Synthetic_Na50_K10_Gl15,50.0,10.0,60.0,15.0,0.0,3.3333,129.0,114.0,15.0,0.2667,32.8916,Poor,hypotonic,synthetic
Synthetic_Na50_K10_Gl25,50.0,10.0,60.0,25.0,0.0,2.0,139.0,114.0,25.0,0.4,50.2241,Fair,hypotonic,synthetic
Synthetic_Na50_K10_Gl35,50.0,10.0,60.0,35.0,0.0,1.4286,149.0,114.0,35.0,0.4571,57.6516,Fair,hypotonic,synthetic
Synthetic_Na50_K10_Gl45,50.0,10.0,60.0,45.0,0.0,1.1111,159.0,114.0,45.0,0.4889,61.78,Good,hypotonic,synthetic
Synthetic_Na50_K10_Gl55,50.0,10.0,60.0,55.0,0.0,0.9091,169.0,114.0,55.0,0.4909,62.0421,Good,hypotonic,synthetic
Synthetic_Na50_K10_Gl65,50.0,10.0,60.0,65.0,0.0,0.7692,179.0,114.0,65.0,0.4769,60.2236,Good,hypotonic,synthetic
Synthetic_Na50_K10_Gl75,50.0,10.0,60.0,75.0,0.0,0.6667,189.0,114.0,75.0,0.4667,58.8916,Fair,hypotonic,synthetic
Synthetic_Na50_K10_Gl85,50.0,10.0,60.0,85.0,0.0,0.5882,199.0,114.0,85.0,0.4588,57.8706,Fair,hypotonic,synthetic
Synthetic_Na50_K10_Gl95,50.0,10.0,60.0,95.0,0.0,0.5263,209.0,114.0,95.0,0.4526,57.0655,Fair,hypotonic,synthetic
Synthetic_Na50_K15_Gl5,50.0,15.0,65.0,5.0,0.0,10.0,128.5,123.5,5.0,0.2,22.0345,Poor,hypotonic,synthetic
Synthetic_Na50_K15_Gl15,50.0,15.0,65.0,15.0,0.0,3.3333,138.5,123.5,15.0,0.2667,34.202,Poor,hypotonic,synthetic
Synthetic_Na50_K15_Gl25,50.0,15.0,65.0,25.0,0.0,2.0,148.5,123.5,25.0,0.4,51.5345,Fair,hypotonic,synthetic
Synthetic_Na50_K15_Gl35,50.0,15.0,65.0,35.0,0.0,1.4286,158.5,123.5,35.0,0.4571,58.962,Fair,hypotonic,synthetic
Synthetic_Na50_K15_Gl45,50.0,15.0,65.0,45.0,0.0,1.1111,168.5,123.5,45.0,0.4889,63.0903,Good,hypotonic,synthetic
Synthetic_Na50_K15_Gl55,50.0,15.0,65.0,55.0,0.0,0.9091,178.5,123.5,55.0,0.4909,63.3524,Good,hypotonic,synthetic
Synthetic_Na50_K15_Gl65,50.0,15.0,65.0,65.0,0.0,0.7692,188.5,123.5,65.0,0.4769,61.5339,Good,hypotonic,synthetic
Synthetic_Na50_K15_Gl75,50.0,15.0,65.0,75.0,0.0,0.6667,198.5,123.5,75.0,0.4667,60.202,Good,hypotonic,synthetic
Synthetic_Na50_K15_Gl85,50.0,15.0,65.0,85.0,0.0,0.5882,208.5,123.5,85.0,0.4588,59.181,Fair,hypotonic,synthetic
Synthetic_Na50_K15_Gl95,50.0,15.0,65.0,95.0,0.0,0.5263,218.5,123.5,95.0,0.4526,58.3758,Fair,hypotonic,synthetic
Synthetic_Na50_K20_Gl5,50.0,20.0,70.0,5.0,0.0,10.0,138.0,133.0,5.0,0.2,23.3448,Poor,hypotonic,synthetic
Synthetic_Na50_K20_Gl15,50.0,20.0,70.0,15.0,0.0,3.3333,148.0,133.0,15.0,0.2667,35.5123,Poor,hypotonic,synthetic
Synthetic_Na50_K20_Gl25,50.0,20.0,70.0,25.0,0.0,2.0,158.0,133.0,25.0,0.4,52.8448,Fair,hypotonic,synthetic
Synthetic_Na50_K20_Gl35,50.0,20.0,70.0,35.0,0.0,1.4286,168.0,133.0,35.0,0.4571,60.2723,Good,hypotonic,synthetic
Synthetic_Na50_K20_Gl45,50.0,20.0,70.0,45.0,0.0,1.1111,178.0,133.0,45.0,0.4889,64.4007,Good,hypotonic,synthetic
Synthetic_Na50_K20_Gl55,50.0,20.0,70.0,55.0,0.0,0.9091,188.0,133.0,55.0,0.4909,64.6628,Good,hypotonic,synthetic
Synthetic_Na50_K20_Gl65,50.0,20.0,70.0,65.0,0.0,0.7692,198.0,133.0,65.0,0.4769,62.8443,Good,hypotonic,synthetic
Synthetic_Na50_K20_Gl75,50.0,20.0,70.0,75.0,0.0,0.6667,208.0,133.0,75.0,0.4667,61.5123,Good,hypotonic,synthetic
Synthetic_Na50_K20_Gl85,50.0,20.0,70.0,85.0,0.0,0.5882,218.0,133.0,85.0,0.4588,60.4913,Good,hypotonic,synthetic
Synthetic_Na50_K20_Gl95,50.0,20.0,70.0,95.0,0.0,0.5263,228.0,133.0,95.0,0.4526,59.6861,Fair,hypotonic,synthetic
Synthetic_Na70_K0_Gl5,70.0,0.0,70.0,5.0,0.0,14.0,138.0,133.0,5.0,0.2,23.3448,Poor,hypotonic,synthetic
Synthetic_Na70_K0_Gl15,70.0,0.0,70.0,15.0,0.0,4.6667,148.0,133.0,15.0,0.2,23.3448,Poor,hypotonic,synthetic
Synthetic_Na70_K0_Gl25,70.0,0.0,70.0,25.0,0.0,2.8,158.0,133.0,25.0,0.32,42.4448,Fair,hypotonic,synthetic
Synthetic_Na70_K0_Gl35,70.0,0.0,70.0,35.0,0.0,2.0,168.0,133.0,35.0,0.4,52.8448,Fair,hypotonic,synthetic
Synthetic_Na70_K0_Gl45,70.0,0.0,70.0,45.0,0.0,1.5556,178.0,133.0,45.0,0.4444,58.6215,Fair,hypotonic,synthetic
Synthetic_Na70_K0_Gl55,70.0,0.0,70.0,55.0,0.0,1.2727,188.0,133.0,55.0,0.4727,62.2987,Good,hypotonic,synthetic
Synthetic_Na70_K0_Gl65,70.0,0.0,70.0,65.0,0.0,1.0769,198.0,133.0,65.0,0.4923,64.8446,Good,hypotonic,synthetic
Synthetic_Na70_K0_Gl75,70.0,0.0,70.0,75.0,0.0,0.9333,208.0,133.0,75.0,0.4933,64.9773,Good,hypotonic,synthetic
Synthetic_Na70_K0_Gl85,70.0,0.0,70.0,85.0,0.0,0.8235,218.0,133.0,85.0,0.4824,63.5519,Good,hypotonic,synthetic
Synthetic_Na70_K0_Gl95,70.0,0.0,70.0,95.0,0.0,0.7368,228.0,133.0,95.0,0.4737,62.4242,Good,hypotonic,synthetic
Synthetic_Na70_K5_Gl5,70.0,5.0,75.0,5.0,0.0,14.0,147.5,142.5,5.0,0.2,24.6552,Poor,hypotonic,synthetic
Synthetic_Na70_K5_Gl15,70.0,5.0,75.0,15.0,0.0,4.6667,157.5,142.5,15.0,0.2,24.6552,Poor,hypotonic,synthetic
Synthetic_Na70_K5_Gl25,70.0,5.0,75.0,25.0,0.0,2.8,167.5,142.5,25.0,0.32,43.7552,Fair,hypotonic,synthetic
Synthetic_Na70_K5_Gl35,70.0,5.0,75.0,35.0,0.0,2.0,177.5,142.5,35.0,0.4,54.1552,Fair,hypotonic,synthetic
Synthetic_Na70_K5_Gl45,70.0,5.0,75.0,45.0,0.0,1.5556,187.5,142.5,45.0,0.4444,59.9318,Fair,hypotonic,synthetic
Synthetic_Na70_K5_Gl55,70.0,5.0,75.0,55.0,0.0,1.2727,197.5,142.5,55.0,0.4727,63.609,Good,hypotonic,synthetic
Synthetic_Na70_K5_Gl65,70.0,5.0,75.0,65.0,0.0,1.0769,207.5,142.5,65.0,0.4923,66.155,Good,hypotonic,synthetic
Synthetic_Na70_K5_Gl75,70.0,5.0,75.0,75.0,0.0,0.9333,217.5,142.5,75.0,0.4933,66.2877,Good,hypotonic,synthetic
Synthetic_Na70_K5_Gl85,70.0,5.0,75.0,85.0,0.0,0.8235,227.5,142.5,85.0,0.4824,64.8622,Good,hypotonic,synthetic
Synthetic_Na70_K5_Gl95,70.0,5.0,75.0,95.0,0.0,0.7368,237.5,142.5,95.0,0.4737,63.7345,Good,hypotonic,synthetic
Synthetic_Na70_K10_Gl5,70.0,10.0,80.0,5.0,0.0,14.0,157.0,152.0,5.0,0.2,25.9655,Poor,hypotonic,synthetic
Synthetic_Na70_K10_Gl15,70.0,10.0,80.0,15.0,0.0,4.6667,167.0,152.0,15.0,0.2,25.9655,Poor,hypotonic,synthetic
Synthetic_Na70_K10_Gl25,70.0,10.0,80.0,25.0,0.0,2.8,177.0,152.0,25.0,0.32,45.0655,Fair,hypotonic,synthetic
Synthetic_Na70_K10_Gl35,70.0,10.0,80.0,35.0,0.0,2.0,187.0,152.0,35.0,0.4,55.4655,Fair,hypotonic,synthetic
Synthetic_Na70_K10_Gl45,70.0,10.0,80.0,45.0,0.0,1.5556,197.0,152.0,45.0,0.4444,61.2422,Good,hypotonic,synthetic
Synthetic_Na70_K10_Gl55,70.0,10.0,80.0,55.0,0.0,1.2727,207.0,152.0,55.0,0.4727,64.9194,Good,hypotonic,synthetic
Synthetic_Na70_K10_Gl65,70.0,10.0,80.0,65.0,0.0,1.0769,217.0,152.0,65.0,0.4923,67.4653,Good,hypotonic,synthetic
Synthetic_Na70_K10_Gl75,70.0,10.0,80.0,75.0,0.0,0.9333,227.0,152.0,75.0,0.4933,67.598,Good,hypotonic,synthetic
Synthetic_Na70_K10_Gl85,70.0,10.0,80.0,85.0,0.0,0.8235,237.0,152.0,85.0,0.4824,66.1726,Good,hypotonic,synthetic
Synthetic_Na70_K10_Gl95,70.0,10.0,80.0,95.0,0.0,0.7368,247.0,152.0,95.0,0.4737,65.0449,Good,hypotonic,synthetic
Synthetic_Na70_K15_Gl5,70.0,15.0,85.0,5.0,0.0,14.0,166.5,161.5,5.0,0.2,27.2759,Poor,hypotonic,synthetic
Synthetic_Na70_K15_Gl15,70.0,15.0,85.0,15.0,0.0,4.6667,176.5,161.5,15.0,0.2,27.2759,Poor,hypotonic,synthetic
Synthetic_Na70_K15_Gl25,70.0,15.0,85.0,25.0,0.0,2.8,186.5,161.5,25.0,0.32,46.3759,Fair,hypotonic,synthetic
Synthetic_Na70_K15_Gl35,70.0,15.0,85.0,35.0,0.0,2.0,196.5,161.5,35.0,0.4,56.7759,Fair,hypotonic,synthetic
Synthetic_Na70_K15_Gl45,70.0,15.0,85.0,45.0,0.0,1.5556,206.5,161.5,45.0,0.4444,62.5525,Good,hypotonic,synthetic
Synthetic_Na70_K15_Gl55,70.0,15.0,85.0,55.0,0.0,1.2727,216.5,161.5,55.0,0.4727,66.2297,Good,hypotonic,synthetic
Synthetic_Na70_K15_Gl65,70.0,15.0,85.0,65.0,0.0,1.0769,226.5,161.5,65.0,0.4923,68.7757,Good,hypotonic,synthetic
Synthetic_Na70_K15_Gl75,70.0,15.0,85.0,75.0,0.0,0.9333,236.5,161.5,75.0,0.4933,68.9084,Good,hypotonic,synthetic
Synthetic_Na70_K15_Gl85,70.0,15.0,85.0,85.0,0.0,0.8235,246.5,161.5,85.0,0.4824,67.4829,Good,hypotonic,synthetic
Synthetic_Na70_K15_Gl95,70.0,15.0,85.0,95.0,0.0,0.7368,256.5,161.5,95.0,0.4737,66.3552,Good,hypotonic,synthetic
Synthetic_Na70_K20_Gl5,70.0,20.0,90.0,5.0,0.0,14.0,176.0,171.0,5.0,0.2,28.5862,Poor,hypotonic,synthetic
Synthetic_Na70_K20_Gl15,70.0,20.0,90.0,15.0,0.0,4.6667,186.0,171.0,15.0,0.2,28.5862,Poor,hypotonic,synthetic
Synthetic_Na70_K20_Gl25,70.0,20.0,90.0,25.0,0.0,2.8,196.0,171.0,25.0,0.32,47.6862,Fair,hypotonic,synthetic
Synthetic_Na70_K20_Gl35,70.0,20.0,90.0,35.0,0.0,2.0,206.0,171.0,35.0,0.4,58.0862,Fair,hypotonic,synthetic
Synthetic_Na70_K20_Gl45,70.0,20.0,90.0,45.0,0.0,1.5556,216.0,171.0,45.0,0.4444,63.8629,Good,hypotonic,synthetic
Synthetic_Na70_K20_Gl55,70.0,20.0,90.0,55.0,0.0,1.2727,226.0,171.0,55.0,0.4727,67.5401,Good,hypotonic,synthetic
Synthetic_Na70_K20_Gl65,70.0,20.0,90.0,65.0,0.0,1.0769,236.0,171.0,65.0,0.4923,70.086,Good,hypotonic,synthetic
Synthetic_Na70_K20_Gl75,70.0,20.0,90.0,75.0,0.0,0.9333,246.0,171.0,75.0,0.4933,70.2187,Good,hypotonic,synthetic
Synthetic_Na70_K20_Gl85,70.0,20.0,90.0,85.0,0.0,0.8235,256.0,171.0,85.0,0.4824,68.7933,Good,hypotonic,synthetic
Synthetic_Na70_K20_Gl95,70.0,20.0,90.0,95.0,0.0,0.7368,266.0,171.0,95.0,0.4737,67.6655,Good,hypotonic,synthetic
Synthetic_Na90_K0_Gl5,90.0,0.0,90.0,5.0,0.0,18.0,176.0,171.0,5.0,0.2,28.5862,Poor,hypotonic,synthetic
Synthetic_Na90_K0_Gl15,90.0,0.0,90.0,15.0,0.0,6.0,186.0,171.0,15.0,0.2,28.5862,Poor,hypotonic,synthetic
Synthetic_Na90_K0_Gl25,90.0,0.0,90.0,25.0,0.0,3.6,196.0,171.0,25.0,0.24,37.2862,Poor,hypotonic,synthetic
Synthetic_Na90_K0_Gl35,90.0,0.0,90.0,35.0,0.0,2.5714,206.0,171.0,35.0,0.3429,50.6587,Fair,hypotonic,synthetic
Synthetic_Na90_K0_Gl45,90.0,0.0,90.0,45.0,0.0,2.0,216.0,171.0,45.0,0.4,58.0862,Fair,hypotonic,synthetic
Synthetic_Na90_K0_Gl55,90.0,0.0,90.0,55.0,0.0,1.6364,226.0,171.0,55.0,0.4364,62.8144,Good,hypotonic,synthetic
Synthetic_Na90_K0_Gl65,90.0,0.0,90.0,65.0,0.0,1.3846,236.0,171.0,65.0,0.4615,66.0852,Good,hypotonic,synthetic
Synthetic_Na90_K0_Gl75,90.0,0.0,90.0,75.0,0.0,1.2,246.0,171.0,75.0,0.48,68.4862,Good,hypotonic,synthetic
Synthetic_Na90_K0_Gl85,90.0,0.0,90.0,85.0,0.0,1.0588,256.0,171.0,85.0,0.4941,70.3211,Good,hypotonic,synthetic
Synthetic_Na90_K0_Gl95,90.0,0.0,90.0,95.0,0.0,0.9474,266.0,171.0,95.0,0.4947,70.4011,Good,hypotonic,synthetic
Synthetic_Na90_K5_Gl5,90.0,5.0,95.0,5.0,0.0,18.0,185.5,180.5,5.0,0.2,29.8966,Poor,hypotonic,synthetic
Synthetic_Na90_K5_Gl15,90.0,5.0,95.0,15.0,0.0,6.0,195.5,180.5,15.0,0.2,29.8966,Poor,hypotonic,synthetic
Synthetic_Na90_K5_Gl25,90.0,5.0,95.0,25.0,0.0,3.6,205.5,180.5,25.0,0.24,38.5966,Poor,hypotonic,synthetic
Synthetic_Na90_K5_Gl35,90.0,5.0,95.0,35.0,0.0,2.5714,215.5,180.5,35.0,0.3429,51.9691,Fair,hypotonic,synthetic
Synthetic_Na90_K5_Gl45,90.0,5.0,95.0,45.0,0.0,2.0,225.5,180.5,45.0,0.4,59.3966,Fair,hypotonic,synthetic
Synthetic_Na90_K5_Gl55,90.0,5.0,95.0,55.0,0.0,1.6364,235.5,180.5,55.0,0.4364,64.1247,Good,hypotonic,synthetic
Synthetic_Na90_K5_Gl65,90.0,5.0,95.0,65.0,0.0,1.3846,245.5,180.5,65.0,0.4615,67.3956,Good,hypotonic,synthetic
Synthetic_Na90_K5_Gl75,90.0,5.0,95.0,75.0,0.0,1.2,255.5,180.5,75.0,0.48,69.7966,Good,hypotonic,synthetic
Synthetic_Na90_K5_Gl85,90.0,5.0,95.0,85.0,0.0,1.0588,265.5,180.5,85.0,0.4941,71.6314,Good,hypotonic,synthetic
Synthetic_Na90_K5_Gl95,90.0,5.0,95.0,95.0,0.0,0.9474,275.5,180.5,95.0,0.4947,71.7114,Good,hypotonic,synthetic
Synthetic_Na90_K10_Gl5,90.0,10.0,100.0,5.0,0.0,18.0,195.0,190.0,5.0,0.2,31.2069,Poor,hypotonic,synthetic
Synthetic_Na90_K10_Gl15,90.0,10.0,100.0,15.0,0.0,6.0,205.0,190.0,15.0,0.2,31.2069,Poor,hypotonic,synthetic
Synthetic_Na90_K10_Gl25,90.0,10.0,100.0,25.0,0.0,3.6,215.0,190.0,25.0,0.24,39.9069,Poor,hypotonic,synthetic
Synthetic_Na90_K10_Gl35,90.0,10.0,100.0,35.0,0.0,2.5714,225.0,190.0,35.0,0.3429,53.2794,Fair,hypotonic,synthetic
Synthetic_Na90_K10_Gl45,90.0,10.0,100.0,45.0,0.0,2.0,235.0,190.0,45.0,0.4,60.7069,Good,hypotonic,synthetic
Synthetic_Na90_K10_Gl55,90.0,10.0,100.0,55.0,0.0,1.6364,245.0,190.0,55.0,0.4364,65.4351,Good,hypotonic,synthetic
Synthetic_Na90_K10_Gl65,90.0,10.0,100.0,65.0,0.0,1.3846,255.0,190.0,65.0,0.4615,68.7059,Good,hypotonic,synthetic
Synthetic_Na90_K10_Gl75,90.0,10.0,100.0,75.0,0.0,1.2,265.0,190.0,75.0,0.48,71.1069,Good,hypotonic,synthetic
Synthetic_Na90_K10_Gl85,90.0,10.0,100.0,85.0,0.0,1.0588,275.0,190.0,85.0,0.4941,72.9417,Good,hypotonic,synthetic
Synthetic_Na90_K10_Gl95,90.0,10.0,100.0,95.0,0.0,0.9474,285.0,190.0,95.0,0.4947,73.0218,Good,hypotonic,synthetic
Synthetic_Na90_K15_Gl5,90.0,15.0,105.0,5.0,0.0,18.0,204.5,199.5,5.0,0.238,33.4672,Poor,hypotonic,synthetic
Synthetic_Na90_K15_Gl15,90.0,15.0,105.0,15.0,0.0,6.0,214.5,199.5,15.0,0.238,33.4672,Poor,hypotonic,synthetic
Synthetic_Na90_K15_Gl25,90.0,15.0,105.0,25.0,0.0,3.6,224.5,199.5,25.0,0.278,42.1672,Fair,hypotonic,synthetic
Synthetic_Na90_K15_Gl35,90.0,15.0,105.0,35.0,0.0,2.5714,234.5,199.5,35.0,0.3809,55.5397,Fair,hypotonic,synthetic
Synthetic_Na90_K15_Gl45,90.0,15.0,105.0,45.0,0.0,2.0,244.5,199.5,45.0,0.438,62.9672,Good,hypotonic,synthetic
Synthetic_Na90_K15_Gl55,90.0,15.0,105.0,55.0,0.0,1.6364,254.5,199.5,55.0,0.4744,67.6954,Good,hypotonic,synthetic
Synthetic_Na90_K15_Gl65,90.0,15.0,105.0,65.0,0.0,1.3846,264.5,199.5,65.0,0.4995,70.9663,Good,hypotonic,synthetic
Synthetic_Na90_K15_Gl75,90.0,15.0,105.0,75.0,0.0,1.2,274.5,199.5,75.0,0.518,73.3672,Good,hypotonic,synthetic
Synthetic_Na90_K15_Gl85,90.0,15.0,105.0,85.0,0.0,1.0588,284.5,199.5,85.0,0.5321,75.2021,Good,hypotonic,synthetic
Synthetic_Na90_K15_Gl95,90.0,15.0,105.0,95.0,0.0,0.9474,294.5,199.5,95.0,0.5327,75.2821,Good,hypotonic,synthetic
Synthetic_Na90_K20_Gl5,90.0,20.0,110.0,5.0,0.0,18.0,214.0,209.0,5.0,0.276,35.7276,Poor,hypotonic,synthetic
Synthetic_Na90_K20_Gl15,90.0,20.0,110.0,15.0,0.0,6.0,224.0,209.0,15.0,0.276,35.7276,Poor,hypotonic,synthetic
Synthetic_Na90_K20_Gl25,90.0,20.0,110.0,25.0,0.0,3.6,234.0,209.0,25.0,0.316,44.4276,Fair,hypotonic,synthetic
Synthetic_Na90_K20_Gl35,90.0,20.0,110.0,35.0,0.0,2.5714,244.0,209.0,35.0,0.4189,57.8001,Fair,hypotonic,synthetic
Synthetic_Na90_K20_Gl45,90.0,20.0,110.0,45.0,0.0,2.0,254.0,209.0,45.0,0.476,65.2276,Good,hypotonic,synthetic
Synthetic_Na90_K20_Gl55,90.0,20.0,110.0,55.0,0.0,1.6364,264.0,209.0,55.0,0.5124,69.9558,Good,hypotonic,synthetic
Synthetic_Na90_K20_Gl65,90.0,20.0,110.0,65.0,0.0,1.3846,274.0,209.0,65.0,0.5375,73.2266,Good,hypotonic,synthetic
Synthetic_Na90_K20_Gl75,90.0,20.0,110.0,75.0,0.0,1.2,284.0,209.0,75.0,0.556,75.6276,Good,hypotonic,synthetic
Synthetic_Na90_K20_Gl85,90.0,20.0,110.0,85.0,0.0,1.0588,294.0,209.0,85.0,0.5701,77.4624,Good,hypotonic,synthetic
Synthetic_Na90_K20_Gl95,90.0,20.0,110.0,95.0,0.0,0.9474,304.0,209.0,95.0,0.5707,77.5425,Good,hypotonic,synthetic
Synthetic_Na110_K0_Gl5,110.0,0.0,110.0,5.0,0.0,22.0,214.0,209.0,5.0,0.276,35.7276,Poor,hypotonic,synthetic
Synthetic_Na110_K0_Gl15,110.0,0.0,110.0,15.0,0.0,7.3333,224.0,209.0,15.0,0.276,35.7276,Poor,hypotonic,synthetic
Synthetic_Na110_K0_Gl25,110.0,0.0,110.0,25.0,0.0,4.4,234.0,209.0,25.0,0.276,35.7276,Poor,hypotonic,synthetic
Synthetic_Na110_K0_Gl35,110.0,0.0,110.0,35.0,0.0,3.1429,244.0,209.0,35.0,0.3617,50.3701,Fair,hypotonic,synthetic
Synthetic_Na110_K0_Gl45,110.0,0.0,110.0,45.0,0.0,2.4444,254.0,209.0,45.0,0.4316,59.4509,Fair,hypotonic,synthetic
Synthetic_Na110_K0_Gl55,110.0,0.0,110.0,55.0,0.0,2.0,264.0,209.0,55.0,0.476,65.2276,Good,hypotonic,synthetic
Synthetic_Na110_K0_Gl65,110.0,0.0,110.0,65.0,0.0,1.6923,274.0,209.0,65.0,0.5068,69.2284,Good,hypotonic,synthetic
Synthetic_Na110_K0_Gl75,110.0,0.0,110.0,75.0,0.0,1.4667,284.0,209.0,75.0,0.5293,72.1601,Good,hypotonic,synthetic
Synthetic_Na110_K0_Gl85,110.0,0.0,110.0,85.0,0.0,1.2941,294.0,209.0,85.0,0.5466,74.4044,Good,hypotonic,synthetic
Synthetic_Na110_K0_Gl95,110.0,0.0,110.0,95.0,0.0,1.1579,304.0,209.0,95.0,0.5602,76.1747,Good,hypotonic,synthetic
Synthetic_Na110_K5_Gl5,110.0,5.0,115.0,5.0,0.0,22.0,223.5,218.5,5.0,0.314,37.9879,Poor,hypotonic,synthetic
Synthetic_Na110_K5_Gl15,110.0,5.0,115.0,15.0,0.0,7.3333,233.5,218.5,15.0,0.314,37.9879,Poor,hypotonic,synthetic
Synthetic_Na110_K5_Gl25,110.0,5.0,115.0,25.0,0.0,4.4,243.5,218.5,25.0,0.314,37.9879,Poor,hypotonic,synthetic
Synthetic_Na110_K5_Gl35,110.0,5.0,115.0,35.0,0.0,3.1429,253.5,218.5,35.0,0.3997,52.6304,Fair,hypotonic,synthetic
Synthetic_Na110_K5_Gl45,110.0,5.0,115.0,45.0,0.0,2.4444,263.5,218.5,45.0,0.4696,61.7113,Good,hypotonic,synthetic
Synthetic_Na110_K5_Gl55,110.0,5.0,115.0,55.0,0.0,2.0,273.5,218.5,55.0,0.514,67.4879,Good,hypotonic,synthetic
Synthetic_Na110_K5_Gl65,110.0,5.0,115.0,65.0,0.0,1.6923,283.5,218.5,65.0,0.5448,71.4887,Good,hypotonic,synthetic
Synthetic_Na110_K5_Gl75,110.0,5.0,115.0,75.0,0.0,1.4667,293.5,218.5,75.0,0.5673,74.4204,Good,hypotonic,synthetic
Synthetic_Na110_K5_Gl85,110.0,5.0,115.0,85.0,0.0,1.2941,303.5,218.5,85.0,0.5846,76.6647,Good,hypotonic,synthetic
Synthetic_Na110_K5_Gl95,110.0,5.0,115.0,95.0,0.0,1.1579,313.5,218.5,95.0,0.5982,78.435,Good,hypotonic,synthetic
Synthetic_Na110_K10_Gl5,110.0,10.0,120.0,5.0,0.0,22.0,233.0,228.0,5.0,0.352,40.2483,Fair,hypotonic,synthetic
Synthetic_Na110_K10_Gl15,110.0,10.0,120.0,15.0,0.0,7.3333,243.0,228.0,15.0,0.352,40.2483,Fair,hypotonic,synthetic
Synthetic_Na110_K10_Gl25,110.0,10.0,120.0,25.0,0.0,4.4,253.0,228.0,25.0,0.352,40.2483,Fair,hypotonic,synthetic
Synthetic_Na110_K10_Gl35,110.0,10.0,120.0,35.0,0.0,3.1429,263.0,228.0,35.0,0.4377,54.8908,Fair,hypotonic,synthetic
Synthetic_Na110_K10_Gl45,110.0,10.0,120.0,45.0,0.0,2.4444,273.0,228.0,45.0,0.5076,63.9716,Good,hypotonic,synthetic
Synthetic_Na110_K10_Gl55,110.0,10.0,120.0,55.0,0.0,2.0,283.0,228.0,55.0,0.552,69.7483,Good,hypotonic,synthetic
Synthetic_Na110_K10_Gl65,110.0,10.0,120.0,65.0,0.0,1.6923,293.0,228.0,65.0,0.5828,73.749,Good,hypotonic,synthetic
Synthetic_Na110_K10_Gl75,110.0,10.0,120.0,75.0,0.0,1.4667,303.0,228.0,75.0,0.6053,76.6808,Good,hypotonic,synthetic
Synthetic_Na110_K10_Gl85,110.0,10.0,120.0,85.0,0.0,1.2941,313.0,228.0,85.0,0.6226,78.925,Good,hypotonic,synthetic
Synthetic_Na110_K10_Gl95,110.0,10.0,120.0,95.0,0.0,1.1579,323.0,228.0,95.0,0.6362,80.6954,Excellent,hypotonic,synthetic
Synthetic_Na110_K15_Gl5,110.0,15.0,125.0,5.0,0.0,22.0,242.5,237.5,5.0,0.39,42.5086,Fair,hypotonic,synthetic
Synthetic_Na110_K15_Gl15,110.0,15.0,125.0,15.0,0.0,7.3333,252.5,237.5,15.0,0.39,42.5086,Fair,hypotonic,synthetic
Synthetic_Na110_K15_Gl25,110.0,15.0,125.0,25.0,0.0,4.4,262.5,237.5,25.0,0.39,42.5086,Fair,hypotonic,synthetic
Synthetic_Na110_K15_Gl35,110.0,15.0,125.0,35.0,0.0,3.1429,272.5,237.5,35.0,0.4757,57.1511,Fair,hypotonic,synthetic
Synthetic_Na110_K15_Gl45,110.0,15.0,125.0,45.0,0.0,2.4444,282.5,237.5,45.0,0.5456,66.232,Good,hypotonic,synthetic
Synthetic_Na110_K15_Gl55,110.0,15.0,125.0,55.0,0.0,2.0,292.5,237.5,55.0,0.59,72.0086,Good,hypotonic,synthetic
Synthetic_Na110_K15_Gl65,110.0,15.0,125.0,65.0,0.0,1.6923,302.5,237.5,65.0,0.6208,76.0094,Good,hypotonic,synthetic
Synthetic_Na110_K15_Gl75,110.0,15.0,125.0,75.0,0.0,1.4667,312.5,237.5,75.0,0.6433,78.9411,Good,hypotonic,synthetic
Synthetic_Na110_K15_Gl85,110.0,15.0,125.0,85.0,0.0,1.2941,322.5,237.5,85.0,0.6606,81.1854,Excellent,hypotonic,synthetic
Synthetic_Na110_K15_Gl95,110.0,15.0,125.0,95.0,0.0,1.1579,332.5,237.5,95.0,0.6742,82.9557,Excellent,hypotonic,synthetic
Synthetic_Na110_K20_Gl5,110.0,20.0,130.0,5.0,0.0,22.0,252.0,247.0,5.0,0.428,44.769,Fair,hypotonic,synthetic
Synthetic_Na110_K20_Gl15,110.0,20.0,130.0,15.0,0.0,7.3333,262.0,247.0,15.0,0.428,44.769,Fair,hypotonic,synthetic
Synthetic_Na110_K20_Gl25,110.0,20.0,130.0,25.0,0.0,4.4,272.0,247.0,25.0,0.428,44.769,Fair,hypotonic,synthetic
Synthetic_Na110_K20_Gl35,110.0,20.0,130.0,35.0,0.0,3.1429,282.0,247.0,35.0,0.5137,59.4115,Fair,hypotonic,synthetic
Synthetic_Na110_K20_Gl45,110.0,20.0,130.0,45.0,0.0,2.4444,292.0,247.0,45.0,0.5836,68.4923,Good,hypotonic,synthetic
Synthetic_Na110_K20_Gl55,110.0,20.0,130.0,55.0,0.0,2.0,302.0,247.0,55.0,0.628,74.269,Good,hypotonic,synthetic
Synthetic_Na110_K20_Gl65,110.0,20.0,130.0,65.0,0.0,1.6923,312.0,247.0,65.0,0.6588,78.2697,Good,hypotonic,synthetic
Synthetic_Na110_K20_Gl75,110.0,20.0,130.0,75.0,0.0,1.4667,322.0,247.0,75.0,0.6813,81.2015,Excellent,hypotonic,synthetic
Synthetic_Na110_K20_Gl85,110.0,20.0,130.0,85.0,0.0,1.2941,332.0,247.0,85.0,0.6986,83.4457,Excellent,hypotonic,synthetic
Synthetic_Na110_K20_Gl95,110.0,20.0,130.0,95.0,0.0,1.1579,342.0,247.0,95.0,0.7122,85.2161,Excellent,hypotonic,synthetic
Synthetic_Na130_K0_Gl5,130.0,0.0,130.0,5.0,0.0,26.0,252.0,247.0,5.0,0.428,44.769,Fair,hypotonic,synthetic
Synthetic_Na130_K0_Gl15,130.0,0.0,130.0,15.0,0.0,8.6667,262.0,247.0,15.0,0.428,44.769,Fair,hypotonic,synthetic
Synthetic_Na130_K0_Gl25,130.0,0.0,130.0,25.0,0.0,5.2,272.0,247.0,25.0,0.428,44.769,Fair,hypotonic,synthetic
Synthetic_Na130_K0_Gl35,130.0,0.0,130.0,35.0,0.0,3.7143,282.0,247.0,35.0,0.4566,51.984,Fair,hypotonic,synthetic
Synthetic_Na130_K0_Gl45,130.0,0.0,130.0,45.0,0.0,2.8889,292.0,247.0,45.0,0.5391,62.7131,Good,hypotonic,synthetic
Synthetic_Na130_K0_Gl55,130.0,0.0,130.0,55.0,0.0,2.3636,302.0,247.0,55.0,0.5916,69.5408,Good,hypotonic,synthetic
Synthetic_Na130_K0_Gl65,130.0,0.0,130.0,65.0,0.0,2.0,312.0,247.0,65.0,0.628,74.269,Good,hypotonic,synthetic
Synthetic_Na130_K0_Gl75,130.0,0.0,130.0,75.0,0.0,1.7333,322.0,247.0,75.0,0.6547,77.7365,Good,hypotonic,synthetic
Synthetic_Na130_K0_Gl85,130.0,0.0,130.0,85.0,0.0,1.5294,332.0,247.0,85.0,0.6751,80.3876,Excellent,hypotonic,synthetic
Synthetic_Na130_K0_Gl95,130.0,0.0,130.0,95.0,0.0,1.3684,342.0,247.0,95.0,0.6912,82.4805,Excellent,hypotonic,synthetic
Synthetic_Na130_K5_Gl5,130.0,5.0,135.0,5.0,0.0,26.0,261.5,256.5,5.0,0.466,47.0293,Fair,hypotonic,synthetic
Synthetic_Na130_K5_Gl15,130.0,5.0,135.0,15.0,0.0,8.6667,271.5,256.5,15.0,0.466,47.0293,Fair,hypotonic,synthetic
Synthetic_Na130_K5_Gl25,130.0,5.0,135.0,25.0,0.0,5.2,281.5,256.5,25.0,0.466,47.0293,Fair,hypotonic,synthetic
Synthetic_Na130_K5_Gl35,130.0,5.0,135.0,35.0,0.0,3.7143,291.5,256.5,35.0,0.4946,54.2443,Fair,hypotonic,synthetic
Synthetic_Na130_K5_Gl45,130.0,5.0,135.0,45.0,0.0,2.8889,301.5,256.5,45.0,0.5771,64.9735,Good,hypotonic,synthetic
Synthetic_Na130_K5_Gl55,130.0,5.0,135.0,55.0,0.0,2.3636,311.5,256.5,55.0,0.6296,71.8011,Good,hypotonic,synthetic
Synthetic_Na130_K5_Gl65,130.0,5.0,135.0,65.0,0.0,2.0,321.5,256.5,65.0,0.666,76.5293,Good,hypotonic,synthetic
Synthetic_Na130_K5_Gl75,130.0,5.0,135.0,75.0,0.0,1.7333,331.5,256.5,75.0,0.6927,79.9968,Good,hypotonic,synthetic
Synthetic_Na130_K5_Gl85,130.0,5.0,135.0,85.0,0.0,1.5294,341.5,256.5,85.0,0.7131,82.648,Excellent,hypotonic,synthetic
Synthetic_Na130_K5_Gl95,130.0,5.0,135.0,95.0,0.0,1.3684,351.5,256.5,95.0,0.7292,84.7409,Excellent,hypotonic,synthetic
Synthetic_Na130_K10_Gl5,130.0,10.0,140.0,5.0,0.0,26.0,271.0,266.0,5.0,0.504,49.2897,Fair,hypotonic,synthetic
Synthetic_Na130_K10_Gl15,130.0,10.0,140.0,15.0,0.0,8.6667,281.0,266.0,15.0,0.504,49.2897,Fair,hypotonic,synthetic
Synthetic_Na130_K10_Gl25,130.0,10.0,140.0,25.0,0.0,5.2,291.0,266.0,25.0,0.504,49.2897,Fair,hypotonic,synthetic
Synthetic_Na130_K10_Gl35,130.0,10.0,140.0,35.0,0.0,3.7143,301.0,266.0,35.0,0.5326,56.5047,Fair,hypotonic,synthetic
Synthetic_Na130_K10_Gl45,130.0,10.0,140.0,45.0,0.0,2.8889,311.0,266.0,45.0,0.6151,67.2338,Good,hypotonic,synthetic
Synthetic_Na130_K10_Gl55,130.0,10.0,140.0,55.0,0.0,2.3636,321.0,266.0,55.0,0.6676,74.0615,Good,hypotonic,synthetic
Synthetic_Na130_K10_Gl65,130.0,10.0,140.0,65.0,0.0,2.0,331.0,266.0,65.0,0.704,78.7897,Good,hypotonic,synthetic
Synthetic_Na130_K10_Gl75,130.0,10.0,140.0,75.0,0.0,1.7333,341.0,266.0,75.0,0.7307,82.2572,Excellent,hypotonic,synthetic
Synthetic_Na130_K10_Gl85,130.0,10.0,140.0,85.0,0.0,1.5294,351.0,266.0,85.0,0.7511,84.9083,Excellent,hypotonic,synthetic
Synthetic_Na130_K10_Gl95,130.0,10.0,140.0,95.0,0.0,1.3684,361.0,266.0,95.0,0.7672,87.0012,Excellent,hypotonic,synthetic
Synthetic_Na130_K15_Gl5,130.0,15.0,145.0,5.0,0.0,26.0,280.5,275.5,5.0,0.542,51.55,Fair,hypotonic,synthetic
Synthetic_Na130_K15_Gl15,130.0,15.0,145.0,15.0,0.0,8.6667,290.5,275.5,15.0,0.542,51.55,Fair,hypotonic,synthetic
Synthetic_Na130_K15_Gl25,130.0,15.0,145.0,25.0,0.0,5.2,300.5,275.5,25.0,0.542,51.55,Fair,hypotonic,synthetic
Synthetic_Na130_K15_Gl35,130.0,15.0,145.0,35.0,0.0,3.7143,310.5,275.5,35.0,0.5706,58.765,Fair,hypotonic,synthetic
Synthetic_Na130_K15_Gl45,130.0,15.0,145.0,45.0,0.0,2.8889,320.5,275.5,45.0,0.6531,69.4942,Good,hypotonic,synthetic
Synthetic_Na130_K15_Gl55,130.0,15.0,145.0,55.0,0.0,2.3636,330.5,275.5,55.0,0.7056,76.3218,Good,hypotonic,synthetic
Synthetic_Na130_K15_Gl65,130.0,15.0,145.0,65.0,0.0,2.0,340.5,275.5,65.0,0.742,81.05,Excellent,hypotonic,synthetic
Synthetic_Na130_K15_Gl75,130.0,15.0,145.0,75.0,0.0,1.7333,350.5,275.5,75.0,0.7687,84.5175,Excellent,hypotonic,synthetic
Synthetic_Na130_K15_Gl85,130.0,15.0,145.0,85.0,0.0,1.5294,360.5,275.5,85.0,0.7891,87.1687,Excellent,hypotonic,synthetic
Synthetic_Na130_K15_Gl95,130.0,15.0,145.0,95.0,0.0,1.3684,370.5,275.5,95.0,0.8052,89.2616,Excellent,hypotonic,synthetic
Synthetic_Na130_K20_Gl5,130.0,20.0,150.0,5.0,0.0,26.0,290.0,285.0,5.0,0.58,53.8103,Fair,isotonic,synthetic
Synthetic_Na130_K20_Gl15,130.0,20.0,150.0,15.0,0.0,8.6667,300.0,285.0,15.0,0.58,53.8103,Fair,isotonic,synthetic
Synthetic_Na130_K20_Gl25,130.0,20.0,150.0,25.0,0.0,5.2,310.0,285.0,25.0,0.58,53.8103,Fair,isotonic,synthetic
Synthetic_Na130_K20_Gl35,130.0,20.0,150.0,35.0,0.0,3.7143,320.0,285.0,35.0,0.6086,61.0253,Good,isotonic,synthetic
Synthetic_Na130_K20_Gl45,130.0,20.0,150.0,45.0,0.0,2.8889,330.0,285.0,45.0,0.6911,71.7545,Good,isotonic,synthetic
Synthetic_Na130_K20_Gl55,130.0,20.0,150.0,55.0,0.0,2.3636,340.0,285.0,55.0,0.7436,78.5822,Good,isotonic,synthetic
Synthetic_Na130_K20_Gl65,130.0,20.0,150.0,65.0,0.0,2.0,350.0,285.0,65.0,0.78,83.3103,Excellent,isotonic,synthetic
Synthetic_Na130_K20_Gl75,130.0,20.0,150.0,75.0,0.0,1.7333,360.0,285.0,75.0,0.8067,86.7778,Excellent,isotonic,synthetic
Synthetic_Na130_K20_Gl85,130.0,20.0,150.0,85.0,0.0,1.5294,370.0,285.0,85.0,0.8271,89.429,Excellent,isotonic,synthetic
Synthetic_Na130_K20_Gl95,130.0,20.0,150.0,95.0,0.0,1.3684,380.0,285.0,95.0,0.8432,91.5219,Excellent,isotonic,synthetic
Synthetic_Na150_K0_Gl5,150.0,0.0,150.0,5.0,0.0,30.0,290.0,285.0,5.0,0.58,53.8103,Fair,isotonic,synthetic
Synthetic_Na150_K0_Gl15,150.0,0.0,150.0,15.0,0.0,10.0,300.0,285.0,15.0,0.58,53.8103,Fair,isotonic,synthetic
Synthetic_Na150_K0_Gl25,150.0,0.0,150.0,25.0,0.0,6.0,310.0,285.0,25.0,0.58,53.8103,Fair,isotonic,synthetic
Synthetic_Na150_K0_Gl35,150.0,0.0,150.0,35.0,0.0,4.2857,320.0,285.0,35.0,0.58,54.3103,Fair,isotonic,synthetic
Synthetic_Na150_K0_Gl45,150.0,0.0,150.0,45.0,0.0,3.3333,330.0,285.0,45.0,0.6467,65.9778,Good,isotonic,synthetic
Synthetic_Na150_K0_Gl55,150.0,0.0,150.0,55.0,0.0,2.7273,340.0,285.0,55.0,0.7073,73.8565,Good,isotonic,synthetic
Synthetic_Na150_K0_Gl65,150.0,0.0,150.0,65.0,0.0,2.3077,350.0,285.0,65.0,0.7492,79.3096,Good,isotonic,synthetic
Synthetic_Na150_K0_Gl75,150.0,0.0,150.0,75.0,0.0,2.0,360.0,285.0,75.0,0.78,83.3103,Excellent,isotonic,synthetic
Synthetic_Na150_K0_Gl85,150.0,0.0,150.0,85.0,0.0,1.7647,370.0,285.0,85.0,0.8035,86.3684,Excellent,isotonic,synthetic
Synthetic_Na150_K0_Gl95,150.0,0.0,150.0,95.0,0.0,1.5789,380.0,285.0,95.0,0.8221,88.7839,Excellent,isotonic,synthetic
Synthetic_Na150_K5_Gl5,150.0,5.0,155.0,5.0,0.0,30.0,299.5,294.5,5.0,0.582,53.9293,Fair,isotonic,synthetic
Synthetic_Na150_K5_Gl15,150.0,5.0,155.0,15.0,0.0,10.0,309.5,294.5,15.0,0.582,53.9293,Fair,isotonic,synthetic
Synthetic_Na150_K5_Gl25,150.0,5.0,155.0,25.0,0.0,6.0,319.5,294.5,25.0,0.582,53.9293,Fair,isotonic,synthetic
Synthetic_Na150_K5_Gl35,150.0,5.0,155.0,35.0,0.0,4.2857,329.5,294.5,35.0,0.582,54.4293,Fair,isotonic,synthetic
Synthetic_Na150_K5_Gl45,150.0,5.0,155.0,45.0,0.0,3.3333,339.5,294.5,45.0,0.6487,66.0968,Good,isotonic,synthetic
Synthetic_Na150_K5_Gl55,150.0,5.0,155.0,55.0,0.0,2.7273,349.5,294.5,55.0,0.7093,73.9754,Good,isotonic,synthetic
Synthetic_Na150_K5_Gl65,150.0,5.0,155.0,65.0,0.0,2.3077,359.5,294.5,65.0,0.7512,79.4285,Good,isotonic,synthetic
Synthetic_Na150_K5_Gl75,150.0,5.0,155.0,75.0,0.0,2.0,369.5,294.5,75.0,0.782,83.4293,Excellent,isotonic,synthetic
Synthetic_Na150_K5_Gl85,150.0,5.0,155.0,85.0,0.0,1.7647,379.5,294.5,85.0,0.8055,86.4874,Excellent,isotonic,synthetic
Synthetic_Na150_K5_Gl95,150.0,5.0,155.0,95.0,0.0,1.5789,389.5,294.5,95.0,0.8241,88.9029,Excellent,isotonic,synthetic
Synthetic_Na150_K10_Gl5,150.0,10.0,160.0,5.0,0.0,30.0,309.0,304.0,5.0,0.544,51.669,Fair,hypertonic,synthetic
Synthetic_Na150_K10_Gl15,150.0,10.0,160.0,15.0,0.0,10.0,319.0,304.0,15.0,0.544,51.669,Fair,hypertonic,synthetic
Synthetic_Na150_K10_Gl25,150.0,10.0,160.0,25.0,0.0,6.0,329.0,304.0,25.0,0.544,51.669,Fair,hypertonic,synthetic
Synthetic_Na150_K10_Gl35,150.0,10.0,160.0,35.0,0.0,4.2857,339.0,304.0,35.0,0.544,52.169,Fair,hypertonic,synthetic
Synthetic_Na150_K10_Gl45,150.0,10.0,160.0,45.0,0.0,3.3333,349.0,304.0,45.0,0.6107,63.8365,Good,hypertonic,synthetic
Synthetic_Na150_K10_Gl55,150.0,10.0,160.0,55.0,0.0,2.7273,359.0,304.0,55.0,0.6713,71.7151,Good,hypertonic,synthetic
Synthetic_Na150_K10_Gl65,150.0,10.0,160.0,65.0,0.0,2.3077,369.0,304.0,65.0,0.7132,77.1682,Good,hypertonic,synthetic
Synthetic_Na150_K10_Gl75,150.0,10.0,160.0,75.0,0.0,2.0,379.0,304.0,75.0,0.744,81.169,Excellent,hypertonic,synthetic
Synthetic_Na150_K10_Gl85,150.0,10.0,160.0,85.0,0.0,1.7647,389.0,304.0,85.0,0.7675,84.2271,Excellent,hypertonic,synthetic
Synthetic_Na150_K10_Gl95,150.0,10.0,160.0,95.0,0.0,1.5789,399.0,304.0,95.0,0.7861,86.6425,Excellent,hypertonic,synthetic
Synthetic_Na150_K15_Gl5,150.0,15.0,165.0,5.0,0.0,30.0,318.5,313.5,5.0,0.506,49.4086,Fair,hypertonic,synthetic
Synthetic_Na150_K15_Gl15,150.0,15.0,165.0,15.0,0.0,10.0,328.5,313.5,15.0,0.506,49.4086,Fair,hypertonic,synthetic
Synthetic_Na150_K15_Gl25,150.0,15.0,165.0,25.0,0.0,6.0,338.5,313.5,25.0,0.506,49.4086,Fair,hypertonic,synthetic
Synthetic_Na150_K15_Gl35,150.0,15.0,165.0,35.0,0.0,4.2857,348.5,313.5,35.0,0.506,49.9086,Fair,hypertonic,synthetic
Synthetic_Na150_K15_Gl45,150.0,15.0,165.0,45.0,0.0,3.3333,358.5,313.5,45.0,0.5727,61.5761,Good,hypertonic,synthetic
Synthetic_Na150_K15_Gl55,150.0,15.0,165.0,55.0,0.0,2.7273,368.5,313.5,55.0,0.6333,69.4548,Good,hypertonic,synthetic
Synthetic_Na150_K15_Gl65,150.0,15.0,165.0,65.0,0.0,2.3077,378.5,313.5,65.0,0.6752,74.9079,Good,hypertonic,synthetic
Synthetic_Na150_K15_Gl75,150.0,15.0,165.0,75.0,0.0,2.0,388.5,313.5,75.0,0.706,78.9086,Good,hypertonic,synthetic
Synthetic_Na150_K15_Gl85,150.0,15.0,165.0,85.0,0.0,1.7647,398.5,313.5,85.0,0.7295,81.9667,Excellent,hypertonic,synthetic
Synthetic_Na150_K15_Gl95,150.0,15.0,165.0,95.0,0.0,1.5789,408.5,313.5,95.0,0.7481,84.3822,Excellent,hypertonic,synthetic
Synthetic_Na150_K20_Gl5,150.0,20.0,170.0,5.0,0.0,30.0,328.0,323.0,5.0,0.468,47.1483,Fair,hypertonic,synthetic
Synthetic_Na150_K20_Gl15,150.0,20.0,170.0,15.0,0.0,10.0,338.0,323.0,15.0,0.468,47.1483,Fair,hypertonic,synthetic
Synthetic_Na150_K20_Gl25,150.0,20.0,170.0,25.0,0.0,6.0,348.0,323.0,25.0,0.468,47.1483,Fair,hypertonic,synthetic
Synthetic_Na150_K20_Gl35,150.0,20.0,170.0,35.0,0.0,4.2857,358.0,323.0,35.0,0.468,47.6483,Fair,hypertonic,synthetic
Synthetic_Na150_K20_Gl45,150.0,20.0,170.0,45.0,0.0,3.3333,368.0,323.0,45.0,0.5347,59.3158,Fair,hypertonic,synthetic
Synthetic_Na150_K20_Gl55,150.0,20.0,170.0,55.0,0.0,2.7273,378.0,323.0,55.0,0.5953,67.1944,Good,hypertonic,synthetic
Synthetic_Na150_K20_Gl65,150.0,20.0,170.0,65.0,0.0,2.3077,388.0,323.0,65.0,0.6372,72.6475,Good,hypertonic,synthetic
Synthetic_Na150_K20_Gl75,150.0,20.0,170.0,75.0,0.0,2.0,398.0,323.0,75.0,0.668,76.6483,Good,hypertonic,synthetic
Synthetic_Na150_K20_Gl85,150.0,20.0,170.0,85.0,0.0,1.7647,408.0,323.0,85.0,0.6915,79.7064,Good,hypertonic,synthetic
Synthetic_Na150_K20_Gl95,150.0,20.0,170.0,95.0,0.0,1.5789,418.0,323.0,95.0,0.7101,82.1218,Excellent,hypertonic,synthetic
Synthetic_Na170_K0_Gl5,170.0,0.0,170.0,5.0,0.0,34.0,328.0,323.0,5.0,0.468,47.1483,Fair,hypertonic,synthetic
Synthetic_Na170_K0_Gl15,170.0,0.0,170.0,15.0,0.0,11.3333,338.0,323.0,15.0,0.468,47.1483,Fair,hypertonic,synthetic
Synthetic_Na170_K0_Gl25,170.0,0.0,170.0,25.0,0.0,6.8,348.0,323.0,25.0,0.468,47.1483,Fair,hypertonic,synthetic
Synthetic_Na170_K0_Gl35,170.0,0.0,170.0,35.0,0.0,4.8571,358.0,323.0,35.0,0.468,47.1483,Fair,hypertonic,synthetic
Synthetic_Na170_K0_Gl45,170.0,0.0,170.0,45.0,0.0,3.7778,368.0,323.0,45.0,0.4902,53.5366,Fair,hypertonic,synthetic
Synthetic_Na170_K0_Gl55,170.0,0.0,170.0,55.0,0.0,3.0909,378.0,323.0,55.0,0.5589,62.4662,Good,hypertonic,synthetic
Synthetic_Na170_K0_Gl65,170.0,0.0,170.0,65.0,0.0,2.6154,388.0,323.0,65.0,0.6065,68.6492,Good,hypertonic,synthetic
Synthetic_Na170_K0_Gl75,170.0,0.0,170.0,75.0,0.0,2.2667,398.0,323.0,75.0,0.6413,73.1808,Good,hypertonic,synthetic
Synthetic_Na170_K0_Gl85,170.0,0.0,170.0,85.0,0.0,2.0,408.0,323.0,85.0,0.668,76.6483,Good,hypertonic,synthetic
Synthetic_Na170_K0_Gl95,170.0,0.0,170.0,95.0,0.0,1.7895,418.0,323.0,95.0,0.6891,79.3863,Good,hypertonic,synthetic
Synthetic_Na170_K5_Gl5,170.0,5.0,175.0,5.0,0.0,34.0,337.5,332.5,5.0,0.43,44.8879,Fair,hypertonic,synthetic
Synthetic_Na170_K5_Gl15,170.0,5.0,175.0,15.0,0.0,11.3333,347.5,332.5,15.0,0.43,44.8879,Fair,hypertonic,synthetic
Synthetic_Na170_K5_Gl25,170.0,5.0,175.0,25.0,0.0,6.8,357.5,332.5,25.0,0.43,44.8879,Fair,hypertonic,synthetic
Synthetic_Na170_K5_Gl35,170.0,5.0,175.0,35.0,0.0,4.8571,367.5,332.5,35.0,0.43,44.8879,Fair,hypertonic,synthetic
Synthetic_Na170_K5_Gl45,170.0,5.0,175.0,45.0,0.0,3.7778,377.5,332.5,45.0,0.4522,51.2763,Fair,hypertonic,synthetic
Synthetic_Na170_K5_Gl55,170.0,5.0,175.0,55.0,0.0,3.0909,387.5,332.5,55.0,0.5209,60.2059,Good,hypertonic,synthetic
Synthetic_Na170_K5_Gl65,170.0,5.0,175.0,65.0,0.0,2.6154,397.5,332.5,65.0,0.5685,66.3889,Good,hypertonic,synthetic
Synthetic_Na170_K5_Gl75,170.0,5.0,175.0,75.0,0.0,2.2667,407.5,332.5,75.0,0.6033,70.9204,Good,hypertonic,synthetic
Synthetic_Na170_K5_Gl85,170.0,5.0,175.0,85.0,0.0,2.0,417.5,332.5,85.0,0.63,74.3879,Good,hypertonic,synthetic
Synthetic_Na170_K5_Gl95,170.0,5.0,175.0,95.0,0.0,1.7895,427.5,332.5,95.0,0.6511,77.126,Good,hypertonic,synthetic
Synthetic_Na170_K10_Gl5,170.0,10.0,180.0,5.0,0.0,34.0,347.0,342.0,5.0,0.392,42.6276,Fair,hypertonic,synthetic
Synthetic_Na170_K10_Gl15,170.0,10.0,180.0,15.0,0.0,11.3333,357.0,342.0,15.0,0.392,42.6276,Fair,hypertonic,synthetic
Synthetic_Na170_K10_Gl25,170.0,10.0,180.0,25.0,0.0,6.8,367.0,342.0,25.0,0.392,42.6276,Fair,hypertonic,synthetic
Synthetic_Na170_K10_Gl35,170.0,10.0,180.0,35.0,0.0,4.8571,377.0,342.0,35.0,0.392,42.6276,Fair,hypertonic,synthetic
Synthetic_Na170_K10_Gl45,170.0,10.0,180.0,45.0,0.0,3.7778,387.0,342.0,45.0,0.4142,49.0159,Fair,hypertonic,synthetic
Synthetic_Na170_K10_Gl55,170.0,10.0,180.0,55.0,0.0,3.0909,397.0,342.0,55.0,0.4829,57.9455,Fair,hypertonic,synthetic
Synthetic_Na170_K10_Gl65,170.0,10.0,180.0,65.0,0.0,2.6154,407.0,342.0,65.0,0.5305,64.1285,Good,hypertonic,synthetic
Synthetic_Na170_K10_Gl75,170.0,10.0,180.0,75.0,0.0,2.2667,417.0,342.0,75.0,0.5653,68.6601,Good,hypertonic,synthetic
Synthetic_Na170_K10_Gl85,170.0,10.0,180.0,85.0,0.0,2.0,427.0,342.0,85.0,0.592,72.1276,Good,hypertonic,synthetic
Synthetic_Na170_K10_Gl95,170.0,10.0,180.0,95.0,0.0,1.7895,437.0,342.0,95.0,0.6131,74.8656,Good,hypertonic,synthetic
Synthetic_Na170_K15_Gl5,170.0,15.0,185.0,5.0,0.0,34.0,356.5,351.5,5.0,0.354,40.3672,Fair,hypertonic,synthetic
Synthetic_Na170_K15_Gl15,170.0,15.0,185.0,15.0,0.0,11.3333,366.5,351.5,15.0,0.354,40.3672,Fair,hypertonic,synthetic
Synthetic_Na170_K15_Gl25,170.0,15.0,185.0,25.0,0.0,6.8,376.5,351.5,25.0,0.354,40.3672,Fair,hypertonic,synthetic
Synthetic_Na170_K15_Gl35,170.0,15.0,185.0,35.0,0.0,4.8571,386.5,351.5,35.0,0.354,40.3672,Fair,hypertonic,synthetic
Synthetic_Na170_K15_Gl45,170.0,15.0,185.0,45.0,0.0,3.7778,396.5,351.5,45.0,0.3762,46.7556,Fair,hypertonic,synthetic
Synthetic_Na170_K15_Gl55,170.0,15.0,185.0,55.0,0.0,3.0909,406.5,351.5,55.0,0.4449,55.6852,Fair,hypertonic,synthetic
Synthetic_Na170_K15_Gl65,170.0,15.0,185.0,65.0,0.0,2.6154,416.5,351.5,65.0,0.4925,61.8682,Good,hypertonic,synthetic
Synthetic_Na170_K15_Gl75,170.0,15.0,185.0,75.0,0.0,2.2667,426.5,351.5,75.0,0.5273,66.3997,Good,hypertonic,synthetic
Synthetic_Na170_K15_Gl85,170.0,15.0,185.0,85.0,0.0,2.0,436.5,351.5,85.0,0.554,69.8672,Good,hypertonic,synthetic
Synthetic_Na170_K15_Gl95,170.0,15.0,185.0,95.0,0.0,1.7895,446.5,351.5,95.0,0.5751,72.6053,Good,hypertonic,synthetic
Synthetic_Na170_K20_Gl5,170.0,20.0,190.0,5.0,0.0,34.0,366.0,361.0,5.0,0.316,38.1069,Poor,hypertonic,synthetic
Synthetic_Na170_K20_Gl15,170.0,20.0,190.0,15.0,0.0,11.3333,376.0,361.0,15.0,0.316,38.1069,Poor,hypertonic,synthetic
Synthetic_Na170_K20_Gl25,170.0,20.0,190.0,25.0,0.0,6.8,386.0,361.0,25.0,0.316,38.1069,Poor,hypertonic,synthetic
Synthetic_Na170_K20_Gl35,170.0,20.0,190.0,35.0,0.0,4.8571,396.0,361.0,35.0,0.316,38.1069,Poor,hypertonic,synthetic
Synthetic_Na170_K20_Gl45,170.0,20.0,190.0,45.0,0.0,3.7778,406.0,361.0,45.0,0.3382,44.4952,Fair,hypertonic,synthetic
Synthetic_Na170_K20_Gl55,170.0,20.0,190.0,55.0,0.0,3.0909,416.0,361.0,55.0,0.4069,53.4249,Fair,hypertonic,synthetic
Synthetic_Na170_K20_Gl65,170.0,20.0,190.0,65.0,0.0,2.6154,426.0,361.0,65.0,0.4545,59.6079,Fair,hypertonic,synthetic
Synthetic_Na170_K20_Gl75,170.0,20.0,190.0,75.0,0.0,2.2667,436.0,361.0,75.0,0.4893,64.1394,Good,hypertonic,synthetic
Synthetic_Na170_K20_Gl85,170.0,20.0,190.0,85.0,0.0,2.0,446.0,361.0,85.0,0.516,67.6069,Good,hypertonic,synthetic
Synthetic_Na170_K20_Gl95,170.0,20.0,190.0,95.0,0.0,1.7895,456.0,361.0,95.0,0.5371,70.3449,Good,hypertonic,synthetic
